nmi,feeder,der_type,capacity_kw,latitude_deg,longitude_deg
NMI0000001,LV10,BATTERY,5.4,-33.850025,151.078926
NMI0000002,LV10,EV_CHARGER,17.2,-33.830587,151.078069
NMI0000003,LV10,SOLAR,3.3,-33.865030,151.061588
NMI0000004,LV10,SOLAR,5.0,-33.873325,151.054790
NMI0000005,LV10,SOLAR,9.1,-33.828104,151.063295
NMI0000006,LV10,EV_CHARGER,17.5,-33.843578,151.077833
NMI0000007,LV10,SOLAR_BATTERY,11.1,-33.845643,151.067759
NMI0000008,LV10,EV_CHARGER,16.1,-33.855484,151.033099
NMI0000009,LV10,BATTERY,19.6,-33.868147,151.055669
NMI0000010,LV10,EV_CHARGER,16.3,-33.874583,151.047989
NMI0000011,LV10,EV_CHARGER,7.7,-33.855561,151.077163
NMI0000012,SUB-002-LV1,SOLAR,5.4,-33.825402,151.209480
NMI0000013,SUB-002-LV1,BATTERY,10.5,-33.819761,151.218457
NMI0000014,SUB-002-LV1,SOLAR,12.6,-33.840739,151.182717
NMI0000015,SUB-002-LV1,SOLAR,10.5,-33.831838,151.208335
NMI0000016,SUB-002-LV2,SOLAR_BATTERY,15.2,-33.831955,151.177041
NMI0000017,SUB-002-LV2,EV_CHARGER,18.6,-33.811227,151.202419
NMI0000018,SUB-002-LV2,SOLAR,5.8,-33.812276,151.194054
NMI0000019,SUB-002-LV2,SOLAR_BATTERY,10.8,-33.841242,151.215360
NMI0000020,SUB-002-LV3,SOLAR_BATTERY,12.7,-33.823605,151.216040
NMI0000021,SUB-002-LV3,BATTERY,8.9,-33.807350,151.184405
NMI0000022,SUB-002-LV3,SOLAR,5.3,-33.850845,151.197356
NMI0000023,SUB-003-LV1,SOLAR,3.5,-33.744930,151.213374
NMI0000024,SUB-003-LV1,EV_CHARGER,13.3,-33.743713,151.226647
NMI0000025,SUB-003-LV1,SOLAR_BATTERY,13.7,-33.721623,151.196523
NMI0000026,SUB-003-LV1,SOLAR,10.4,-33.760416,151.214922
NMI0000027,SUB-003-LV2,SOLAR,9.6,-33.746979,151.225426
NMI0000028,SUB-003-LV2,BATTERY,19.3,-33.740825,151.251409
NMI0000029,SUB-003-LV2,BATTERY,7.7,-33.720964,151.198536
NMI0000030,SUB-003-LV2,SOLAR,9.6,-33.726609,151.241881
NMI0000031,SUB-003-LV3,EV_CHARGER,15.1,-33.762116,151.215664
NMI0000032,SUB-003-LV3,SOLAR,6.3,-33.735296,151.219146
NMI0000033,SUB-003-LV3,SOLAR_BATTERY,17.7,-33.724694,151.227516
NMI0000034,SUB-004-LV1,SOLAR_BATTERY,19.3,-33.759779,150.696336
NMI0000035,SUB-004-LV1,SOLAR,10.8,-33.735536,150.716039
NMI0000036,SUB-004-LV1,BATTERY,13.2,-33.742221,150.683477
NMI0000037,SUB-004-LV1,SOLAR,5.2,-33.754396,150.671818
NMI0000038,SUB-004-LV1,SOLAR,6.2,-33.767764,150.669281
NMI0000039,SUB-004-LV1,SOLAR,8.3,-33.750412,150.706665
NMI0000040,SUB-004-LV2,SOLAR,9.1,-33.749488,150.710821
NMI0000041,SUB-004-LV2,SOLAR,9.5,-33.741185,150.686792
NMI0000042,SUB-004-LV2,SOLAR_BATTERY,7.5,-33.758326,150.681653
NMI0000043,SUB-004-LV2,SOLAR,4.4,-33.775480,150.681927
NMI0000044,SUB-004-LV2,BATTERY,16.8,-33.743018,150.722686
NMI0000045,SUB-005-LV1,SOLAR,7.4,-33.789114,150.912553
NMI0000046,SUB-005-LV1,EV_CHARGER,17.1,-33.750053,150.926899
NMI0000047,SUB-005-LV1,SOLAR,6.5,-33.771688,150.938380
NMI0000048,SUB-005-LV1,SOLAR,7.6,-33.775032,150.928980
NMI0000049,SUB-005-LV2,SOLAR,12.5,-33.760315,150.891641
NMI0000050,SUB-005-LV2,BATTERY,5.8,-33.757997,150.880332
NMI0000051,SUB-005-LV2,SOLAR_BATTERY,19.0,-33.759403,150.934106
NMI0000052,SUB-005-LV2,BATTERY,8.2,-33.755933,150.915615
NMI0000053,SUB-005-LV3,SOLAR,13.1,-33.768943,150.891838
NMI0000054,SUB-005-LV3,BATTERY,11.3,-33.745467,150.907285
NMI0000055,SUB-005-LV3,BATTERY,15.8,-33.774976,150.920445
NMI0000056,SUB-006-LV1,SOLAR_BATTERY,14.4,-34.844653,138.481153
NMI0000057,SUB-006-LV1,SOLAR,9.0,-34.832872,138.486745
NMI0000058,SUB-006-LV1,SOLAR,12.9,-34.841398,138.513973
NMI0000059,SUB-006-LV1,BATTERY,15.1,-34.834839,138.516325
NMI0000060,SUB-006-LV1,SOLAR_BATTERY,9.9,-34.859646,138.488090
NMI0000061,SUB-006-LV1,SOLAR,9.0,-34.826480,138.495903
NMI0000062,SUB-006-LV2,SOLAR,10.4,-34.854873,138.515198
NMI0000063,SUB-006-LV2,EV_CHARGER,11.5,-34.844222,138.486884
NMI0000064,SUB-006-LV2,SOLAR,7.7,-34.817402,138.504593
NMI0000065,SUB-006-LV2,SOLAR,5.2,-34.831688,138.498495
NMI0000066,SUB-006-LV2,SOLAR_BATTERY,18.4,-34.835401,138.522149
NMI0000067,SUB-007-LV1,EV_CHARGER,17.6,-37.783730,144.898956
NMI0000068,SUB-007-LV1,EV_CHARGER,7.1,-37.812259,144.930545
NMI0000069,SUB-007-LV1,EV_CHARGER,21.1,-37.797388,144.909415
NMI0000070,SUB-007-LV1,SOLAR,8.7,-37.815954,144.890174
NMI0000071,SUB-007-LV1,EV_CHARGER,10.1,-37.806689,144.928237
NMI0000072,SUB-007-LV2,BATTERY,18.6,-37.784004,144.918342
NMI0000073,SUB-007-LV2,SOLAR,5.8,-37.804587,144.899081
NMI0000074,SUB-007-LV2,BATTERY,8.9,-37.826853,144.891704
NMI0000075,SUB-007-LV2,SOLAR,3.1,-37.799298,144.894811
NMI0000076,SUB-007-LV2,SOLAR_BATTERY,13.9,-37.826247,144.885615
